,,,,,,
,,,,,,
picklejuice,2755,1470
liveynrc,490,183
ichillsleepaid,37,174
Dreamwater,8272,66
drinklevel25,379,1042
getsomsleep,22360,79
drinktru,10562,1874
reddawnenergy,12074,1433
foursigmatic,261778,1959
braingear,15883,933
lifeaidbevco,16946,4617
fitaid,207405,5496
fitaidus,311,452
lotusenergydrinks,5691,7500
frsenergyendurance,6859,895
sipcrystallight,2723,380
truelemon,32849,1573
strikeforceenergy,51068,1024
soshydration,11309,2852
daodrops,42596,1
kalm_with_kava,1955,404
herbalogic,799,628
bioraykids,2152,353
kabang_energy_candy,8771,4133
goviter,33662,59
essentialmints,20192,0
pandoraspops,1584,1461
megenergygum,144,294
bubblecalm.us,2127,499
neurogum,16975,303
HoneyStinger,53827,7494
clifbar,161647,325
SkratchLabs,53759,1266
glukosenergy,4637,1284
naturesbounty,51322,213
naturesbountyuk,10919,510
GoodDayChocolate,25200,2499
moodshinelabs,68,4
revviesenergy,2784,1008
enlytenstrips,1853,52
5hourenergy,6719,265
stacker2energy,1750,1830
rhinorushofficial,14743,1927
Tweakerenergy,85,76
Vital4U,1707,607
Guayaki,85644,1155
Lipovitand,55,84
drinkarizona,263323,198
Herbalandgummies,19490,1499
NaturesWaybrands,11311,362
NaturesWayoz,10306,2466
NaturesWaybelfast,1970,448
NewNordicOfficial,4066,1039
Blockheadenergy,6016,2859
DriveGumdk,37,74
wug_gum,2135,431
Natrolofficial,5810,730
NaturesTruth,4667,187
rungum,83867,6896
MightyGum,1053,888
ChewPod,25228,133
neurohacker,170181,2409
SimplyGum,29500,3455
ProperWild,2880,323
drinkethans,5972,1035
humagel,7731,771
Waterdrop,217652,3
liquidiv,143947,693
HVMN,35125,1516
seattlegummycompany,5804,129
drinkkchill,1291,323
korshots,21620,1463
vive100col,62,0
stationcoldbrew,16404,4119
tonicakombucha,14390,1744
kabisaenergydrink,929,212
kabisaenergydrinkuk,56,29
thelordjones,93623,984
bosworld,21198,1207
gooddrinkbeverages,2478,1156
