Pickle Juice Sport,picklejuice
Ynrc,liveynrc
Ichill,ichillsleepaid
Dreamwater,Dreamwater
Level 25,drinklevel25
Som Sleep,getsomsleep
Tru ,drinktru
Sleep Walker,reddawnenergy
Mushroom Focus,foursigmatic
Brain Gear,braingear
Lifeaid,lifeaidbevco
Lifeaid,fitaid
Lifeaid,fitaidus
Lotus Energy,lotusenergydrinks
Frs,frsenergyendurance
Crystal Light,sipcrystallight
True Lemon Energy Drink Mix,truelemon
Strike Force Energy Drink Mix,strikeforceenergy
Sos Energy Drink Mix,soshydration
Dao Drops,daodrops
Kalm With Kava,kalm_with_kava
Herbalogic,herbalogic
Bioray Focus Supplement For Kids,bioraykids
Kabang Energy,kabang_energy_candy
Viter Energy,goviter
Vitathinq Essential Mints,essentialmints
Pandoras Pops,pandoraspops
Military Energy Gum,megenergygum
Bubblecalm,bubblecalm.us
Nuero Gum,neurogum
Honey Stinger,HoneyStinger
Cliff Bloks,clifbar
Skratch Labs,SkratchLabs
Glukos,glukosenergy
Natures Bounty,naturesbounty
Natures Bounty,naturesbountyuk
Good Day Chocolates,GoodDayChocolate
Mood Shine,moodshinelabs