Revvies,revviesenergy
Enlyten,enlytenstrips
5 Hour Energy,5hourenergy
Stacker 2,stacker2energy
Rhino Rush,rhinorushofficial
Tweaker,Tweakerenergy
Vital 4U,Vital4U
Guayaki,Guayaki
Lipovitan,Lipovitand
Arizona,drinkarizona
Herbaland,Herbalandgummies
Natures Way,NaturesWaybrands
Natures Way,NaturesWayoz
Natures Way,NaturesWaybelfast
New Nordic,NewNordicOfficial
Blockhead,Blockheadenergy
Drive Gum,DriveGumdk
Wugum,wug_gum
Natrol,Natrolofficial
Natures Truth,NaturesTruth
Run Gum,rungum
Mighty Gum,MightyGum
Chew Pod,ChewPod
Nuerohacker Collective,neurohacker
Simply Gum,SimplyGum
Proper Wild,ProperWild
Ethanâ€™s ,drinkethans
Huma,humagel
Waterdrop,Waterdrop
Liquid IV,liquidiv
HVMN,HVMN
Seattle Gummy Company,seattlegummycompany
K Chill ,drinkkchill
Kor Shots ,korshots
Vive 100,vive100col
Station Cold Brew ,stationcoldbrew
Tonica Kombucha ,tonicakombucha
Kabisa,kabisaenergydrink
Kabisa,kabisaenergydrinkuk
Lord Jones ,thelordjones
Bos,bosworld
Good Drink,gooddrinkbeverages